{
 "host": "localhost",
 "port": 4000,

 "image" : [[[0.9502639677630198,0.003171868287872301,0.0506255942562422],[0.6119323189259962,0.000003663769801083668,0.25677038855930834],[0.2846769840932354,0.0000010643345505906817,0.5758355139551591],[0.11650171588558765,0.00038746540416868726,0.827130083234768],[0.0553223441061447,0.0026800411974277683,0.941363698683108],[0.041178259507282544,0.004538691125550762,0.9676877542286983],[0.0553223441061447,0.0026800411974277683,0.941363698683108],[0.11650171588558765,0.00038746540416868726,0.827130083234768],[0.2846769840932354,0.0000010643345505906817,0.5758355139551591],[0.6119323189259962,0.000003663769801083668,0.25677038855930834]],[[0.514588537439005,5.4618929302385576e-8,0.3354995020312052],[0.14359281035959678,0.0001722995290705849,0.7804694294472435],[0.020848562231730018,0.01148111147328438,0.9975365317369221],[0.001685199405588413,0.06896614860928398,0.9152427956093113],[0.00011943766217143699,0.15570604401575935,0.7604734772566534],[0.000032216689286045265,0.19722483303827842,0.6957288152443447],[0.00011943766217143699,0.15570604401575935,0.7604734772566534],[0.001685199405588413,0.06896614860928398,0.9152427956093113],[0.020848562231730018,0.01148111147328438,0.9975365317369221],[0.14359281035959678,0.0001722995290705849,0.7804694294472435]],[[0.14359281035959678,0.0001722995290705849,0.7804694294472435],[0.009058196162863673,0.025409299426890523,0.9926840594998201],[0.000032216689286045265,0.19722483303827842,0.6957288152443447],[3.626620089310309e-8,0.5083367883966772,0.34094964922939663],[0.00009227189747147028,0.7468674155370524,0.16413307282855125],[0.00035591351459478206,0.8221078444490338,0.11934315168323661],[0.00009227189747147028,0.7468674155370524,0.16413307282855125],[3.626620089310309e-8,0.5083367883966772,0.34094964922939663],[0.000032216689286045265,0.19722483303827842,0.6957288152443447],[0.009058196162863673,0.025409299426890523,0.9926840594998201]],[[0.020848562231730018,0.01148111147328438,0.9975365317369221],[0.000032216689286045265,0.19722483303827842,0.6957288152443447],[0.000016697382159088588,0.6673835043984542,0.21659148497554376],[0.006481765719161635,0.9823021091326646,0.03260959101900942],[0.04737922387112357,0.9563440878240856,0.0035758465687340535],[0.08121713264623802,0.8918997079545888,0.001136413657527691],[0.04737922387112357,0.9563440878240856,0.0035758465687340535],[0.006481765719161635,0.9823021091326646,0.03260959101900942],[0.000016697382159088588,0.6673835043984542,0.21659148497554376],[0.000032216689286045265,0.19722483303827842,0.6957288152443447]],[[0.001685199405588413,0.06896614860928398,0.9152427956093113],[3.626620089310309e-8,0.5083367883966772,0.34094964922939663],[0.006481765719161635,0.9823021091326646,0.03260959101900942],[0.13254235192370223,0.7991738693197515,0.0002399591444308935],[0.4423633947760385,0.40171298078508044,7.248899793911137e-12],[0.6047683591218377,0.26219473481522343,0.0000029227351472572483],[0.4423633947760385,0.40171298078508044,7.248899793911137e-12],[0.13254235192370223,0.7991738693197515,0.0002399591444308935],[0.006481765719161635,0.9823021091326646,0.03260959101900942],[3.626620089310309e-8,0.5083367883966772,0.34094964922939663]],[[0.00011943766217143699,0.15570604401575935,0.7604734772566534],[0.00009227189747147028,0.7468674155370524,0.16413307282855125],[0.04737922387112357,0.9563440878240856,0.0035758465687340535],[0.4423633947760385,0.40171298078508044,7.248899793911137e-12],[0.9420424384238665,0.05496578497997725,0.0027140372028462492],[0.9939254098857958,0.00953415129718837,0.024385050004073077],[0.9420424384238665,0.05496578497997725,0.0027140372028462492],[0.4423633947760385,0.40171298078508044,7.248899793911137e-12],[0.04737922387112357,0.9563440878240856,0.0035758465687340535],[0.00009227189747147028,0.7468674155370524,0.16413307282855125]],[[0.000032216689286045265,0.19722483303827842,0.6957288152443447],[0.00035591351459478206,0.8221078444490338,0.11934315168323661],[0.08121713264623802,0.8918997079545888,0.001136413657527691],[0.6047683591218377,0.26219473481522343,0.0000029227351472572483],[0.9939254098857958,0.00953415129718837,0.024385050004073077],[0.4660227936620405,6.913527705753274e-10,0.37921591681300976],[0.9939254098857958,0.00953415129718837,0.024385050004073077],[0.6047683591218377,0.26219473481522343,0.0000029227351472572483],[0.08121713264623802,0.8918997079545888,0.001136413657527691],[0.00035591351459478206,0.8221078444490338,0.11934315168323661]],[[0.00011943766217143699,0.15570604401575935,0.7604734772566534],[0.00009227189747147028,0.7468674155370524,0.16413307282855125],[0.04737922387112357,0.9563440878240856,0.0035758465687340535],[0.4423633947760385,0.40171298078508044,7.248899793911137e-12],[0.9420424384238665,0.05496578497997725,0.0027140372028462492],[0.9939254098857958,0.00953415129718837,0.024385050004073077],[0.9420424384238665,0.05496578497997725,0.0027140372028462492],[0.4423633947760385,0.40171298078508044,7.248899793911137e-12],[0.04737922387112357,0.9563440878240856,0.0035758465687340535],[0.00009227189747147028,0.7468674155370524,0.16413307282855125]],[[0.001685199405588413,0.06896614860928398,0.9152427956093113],[3.626620089310309e-8,0.5083367883966772,0.34094964922939663],[0.006481765719161635,0.9823021091326646,0.03260959101900942],[0.13254235192370223,0.7991738693197515,0.0002399591444308935],[0.4423633947760385,0.40171298078508044,7.248899793911137e-12],[0.6047683591218377,0.26219473481522343,0.0000029227351472572483],[0.4423633947760385,0.40171298078508044,7.248899793911137e-12],[0.13254235192370223,0.7991738693197515,0.0002399591444308935],[0.006481765719161635,0.9823021091326646,0.03260959101900942],[3.626620089310309e-8,0.5083367883966772,0.34094964922939663]],[[0.020848562231730018,0.01148111147328438,0.9975365317369221],[0.000032216689286045265,0.19722483303827842,0.6957288152443447],[0.000016697382159088588,0.6673835043984542,0.21659148497554376],[0.006481765719161635,0.9823021091326646,0.03260959101900942],[0.04737922387112357,0.9563440878240856,0.0035758465687340535],[0.08121713264623802,0.8918997079545888,0.001136413657527691],[0.04737922387112357,0.9563440878240856,0.0035758465687340535],[0.006481765719161635,0.9823021091326646,0.03260959101900942],[0.000016697382159088588,0.6673835043984542,0.21659148497554376],[0.000032216689286045265,0.19722483303827842,0.6957288152443447]],[[0.14359281035959678,0.0001722995290705849,0.7804694294472435],[0.009058196162863673,0.025409299426890523,0.9926840594998201],[0.000032216689286045265,0.19722483303827842,0.6957288152443447],[3.626620089310309e-8,0.5083367883966772,0.34094964922939663],[0.00009227189747147028,0.7468674155370524,0.16413307282855125],[0.00035591351459478206,0.8221078444490338,0.11934315168323661],[0.00009227189747147028,0.7468674155370524,0.16413307282855125],[3.626620089310309e-8,0.5083367883966772,0.34094964922939663],[0.000032216689286045265,0.19722483303827842,0.6957288152443447],[0.009058196162863673,0.025409299426890523,0.9926840594998201]],[[0.514588537439005,5.4618929302385576e-8,0.3354995020312052],[0.14359281035959678,0.0001722995290705849,0.7804694294472435],[0.020848562231730018,0.01148111147328438,0.9975365317369221],[0.001685199405588413,0.06896614860928398,0.9152427956093113],[0.00011943766217143699,0.15570604401575935,0.7604734772566534],[0.000032216689286045265,0.19722483303827842,0.6957288152443447],[0.00011943766217143699,0.15570604401575935,0.7604734772566534],[0.001685199405588413,0.06896614860928398,0.9152427956093113],[0.020848562231730018,0.01148111147328438,0.9975365317369221],[0.14359281035959678,0.0001722995290705849,0.7804694294472435]]]


}